<?xml version="1.0" encoding="UTF-8"?>
<addon id="service.subtitles.subdlbridge" version="1.0.0" name="SubDL Bridge Subtitles"
       provider-name="Alqatrony">
    <extension point="xbmc.subtitle.module" library="service.py">
        <description>Fetches your saved SubDL subtitles</description>
    </extension>
    <requires>
        <import addon="script.module.requests" version="2.22.0"/>
    </requires>
    <extension point="xbmc.addon.metadata">
        <summary>SubDL Bridge</summary>
        <platform>all</platform>
        <language>en</language>
        <assets>
            <icon>icon.png</icon>
            <fanart>fanart.jpg</fanart>
        </assets>
    </extension>
</addon>